{
  "generate_init.py": 1772876730.5768151,
  "app\\main.py": 1774670227.618628,
  "app\\__init__.py": 1772875712.1932776,
  "app\\api\\deps.py": 1772875712.1955132,
  "app\\api\\router.py": 1775488204.0539815,
  "app\\api\\__init__.py": 1772875712.1932776,
  "app\\api\\services\\__init__.py": 1772875712.197723,
  "app\\api\\services\\access\\route.py": 1772875712.197723,
  "app\\api\\services\\access\\schema.py": 1772875712.1997468,
  "app\\api\\services\\access\\service.py": 1772880893.3398767,
  "app\\api\\services\\access\\__init__.py": 1772875712.197723,
  "app\\api\\services\\auth\\route.py": 1772875712.2010596,
  "app\\api\\services\\auth\\schema.py": 1772875712.2010596,
  "app\\api\\services\\auth\\service.py": 1772875712.2010596,
  "app\\api\\services\\auth\\__init__.py": 1772875712.2010596,
  "app\\api\\services\\companies\\route.py": 1772880146.4502285,
  "app\\api\\services\\companies\\schema.py": 1772875712.203856,
  "app\\api\\services\\companies\\service.py": 1772880081.8828573,
  "app\\api\\services\\companies\\__init__.py": 1772875712.2010596,
  "app\\api\\services\\devices\\route.py": 1774632877.760738,
  "app\\api\\services\\devices\\schema.py": 1774631718.1323116,
  "app\\api\\services\\devices\\service.py": 1774631731.4077458,
  "app\\api\\services\\devices\\__init__.py": 1772875712.204877,
  "app\\api\\services\\device_mapping\\route.py": 1772875712.204877,
  "app\\api\\services\\device_mapping\\schema.py": 1772875712.204877,
  "app\\api\\services\\device_mapping\\service.py": 1772875712.204877,
  "app\\api\\services\\device_mapping\\__init__.py": 1772875712.204877,
  "app\\api\\services\\groups\\route.py": 1775497852.7134347,
  "app\\api\\services\\groups\\schema.py": 1775585085.327885,
  "app\\api\\services\\groups\\service.py": 1775585085.327885,
  "app\\api\\services\\groups\\__init__.py": 1775488198.2883184,
  "app\\api\\services\\logs\\events.py": 1775708806.6603823,
  "app\\api\\services\\logs\\route.py": 1775492364.4282343,
  "app\\api\\services\\logs\\service.py": 1775497880.1812534,
  "app\\api\\services\\logs\\__init__.py": 1774685441.8771725,
  "app\\api\\services\\push\\callbacks.py": 1775620611.881452,
  "app\\api\\services\\push\\commands.py": 1775620569.8101375,
  "app\\api\\services\\push\\route.py": 1775708817.6373122,
  "app\\api\\services\\push\\__init__.py": 1774091329.0666268,
  "app\\api\\services\\sites\\route.py": 1772880686.9448855,
  "app\\api\\services\\sites\\schema.py": 1772880340.3931162,
  "app\\api\\services\\sites\\service.py": 1772880599.7351725,
  "app\\api\\services\\sites\\__init__.py": 1772875712.2102928,
  "app\\api\\services\\tenants\\enrollment.py": 1775587439.7108767,
  "app\\api\\services\\tenants\\route.py": 1775587483.689106,
  "app\\api\\services\\tenants\\schema.py": 1775587410.4429593,
  "app\\api\\services\\tenants\\service.py": 1775497961.4741306,
  "app\\api\\services\\tenants\\__init__.py": 1775495672.678851,
  "app\\api\\services\\users\\route.py": 1772875712.216367,
  "app\\api\\services\\users\\schema.py": 1772875712.216367,
  "app\\api\\services\\users\\service.py": 1772875712.216367,
  "app\\api\\services\\users\\__init__.py": 1772875712.216367,
  "app\\core\\config.py": 1774631687.286895,
  "app\\core\\schema_guard.py": 1775497897.1663609,
  "app\\core\\security.py": 1772875712.216367,
  "app\\core\\__init__.py": 1772875712.216367,
  "app\\services\\device_health_worker.py": 1774670217.426654,
  "app\\services\\log_sync_worker.py": 1772875712.2213922,
  "app\\services\\validity_sync_worker.py": 1775587134.448717,
  "app\\services\\ws_manager.py": 1772875712.2262619,
  "app\\services\\__init__.py": 1772875712.2213922,
  "app\\services\\matrix\\device_client.py": 1772875712.2213922,
  "app\\services\\matrix\\__init__.py": 1772875712.2213922,
  "app\\utils\\paths.py": 1772875712.2262619,
  "app\\utils\\__init__.py": 1772875712.2262619,
  "database\\base.py": 1772875712.230561,
  "database\\models.py": 1775708373.201214,
  "database\\session.py": 1772875712.230561,
  "database\\__init__.py": 1772875712.2300522,
  "scripts\\device_health_checker.py": 1772875712.230561,
  "test\\test.py": 1773667554.9233663,
  "test\\test_group_deletion.py": 1775495699.0741458,
  "test\\test_group_member_site_access.py": 1775585326.8937128,
  "test\\test_log_exports.py": 1775497967.1560776,
  "test\\test_push_api.py": 1774670619.4439652,
  "test\\test_push_backend.py": 1774634465.299362,
  "test\\test_push_enrollment.py": 1774679962.3264802,
  "test\\test_single_group_membership.py": 1775497990.147175,
  "CLAUDE.md": 1776185307.047151,
  "requirements.txt": 1772875712.230561,
  "docs\\API.md": 1775585247.582148,
  "docs\\FRONTEND_API_GUIDE.md": 1775587834.7404685,
  "files\\sql_file\\DOC-20250630-WA0001. (1).pdf": 1772965681.2357447
}